Clustering,Tool,Total_significant_motifs,Mean_ER,Median_ER,N_infinite_ER,Mean_hits_AMP,Mean_hits_nonAMP,Mean_Total_hits,Mean_AMP_hit_frequency_pct,Median_AMP_hit_frequency_pct
cdhit,meme,20,674.3901617277253,325.7142857142857,7,580.7,56.05,818.4,11.7365,11.370000000000001
cdhit,streme,57,490.24113409474694,82.85714285714286,40,211.59649122807016,17.42105263157895,260.8421052631579,3.8007017543859645,2.21
mmseq,meme,20,152.89720457030012,98.58406007751938,4,774.25,90.5,1377.5,10.6965,11.105
mmseq,streme,63,175.7322012617112,36.66086956521739,9,267.0,110.26984126984127,357.06349206349205,3.176031746031746,2.03
