Clustering,Tool,Total_motifs,Significant_FDR_n,Mean_ER,Median_ER,N_infinite_ER,Mean_log10_ER,Significant_FDR_%,Frac_infinite_ER
cdhit,meme,20,20,674.3901617277253,325.7142857142857,7,2.2297291586061814,100.0,0.35
cdhit,streme,57,57,490.24113409474694,82.85714285714286,40,1.9924438148770216,100.0,0.702
mmseq,meme,20,20,152.89720457030012,98.58406007751938,4,1.941460842212947,100.0,0.2
mmseq,streme,69,63,158.28075496901687,28.692621192621193,9,1.452329089317406,91.30434782608695,0.13
