Clustering,Tool,Total_motifs,Significant_FDR_n,Mean_ER,Median_ER,N_infinite_ER,Significant_FDR_%
cdhit,meme,20,20,674.3901617277253,325.7142857142857,7,100.0
cdhit,streme,57,57,490.24113409474694,82.85714285714286,40,100.0
mmseq,meme,20,20,152.89720457030012,98.58406007751938,4,100.0
mmseq,streme,69,66,158.28075496901687,28.692621192621193,9,95.7
